Changes made at Sat Aug  9 05:58:18 UTC 2025
Changes made at Thu Nov 20 14:24:19 UTC 2025
Changes made at Thu Nov 20 16:31:15 UTC 2025
Changes made at Fri Nov 21 08:33:21 UTC 2025
Changes made at Fri Nov 21 10:25:01 UTC 2025
Changes made at Fri Nov 21 14:22:43 UTC 2025
Changes made at Fri Nov 21 16:29:01 UTC 2025
Changes made at Sat Nov 22 08:28:34 UTC 2025
Changes made at Sat Nov 22 10:22:26 UTC 2025
Changes made at Sat Nov 22 14:19:19 UTC 2025
Changes made at Sat Nov 22 16:26:56 UTC 2025
Changes made at Sun Nov 23 08:28:57 UTC 2025
Changes made at Sun Nov 23 10:22:27 UTC 2025
Changes made at Sun Nov 23 14:19:26 UTC 2025
Changes made at Sun Nov 23 16:26:56 UTC 2025
Changes made at Mon Nov 24 08:34:17 UTC 2025
Changes made at Mon Nov 24 10:27:32 UTC 2025
Changes made at Mon Nov 24 14:24:57 UTC 2025
Changes made at Mon Nov 24 16:27:28 UTC 2025
Changes made at Tue Nov 25 08:33:15 UTC 2025
Changes made at Tue Nov 25 10:28:38 UTC 2025
Changes made at Tue Nov 25 14:25:06 UTC 2025
Changes made at Tue Nov 25 16:32:50 UTC 2025
Changes made at Wed Nov 26 08:32:43 UTC 2025
Changes made at Wed Nov 26 10:27:29 UTC 2025
Changes made at Wed Nov 26 14:25:33 UTC 2025
Changes made at Wed Nov 26 16:31:17 UTC 2025
Changes made at Thu Nov 27 08:33:19 UTC 2025
Changes made at Thu Nov 27 10:27:19 UTC 2025
Changes made at Thu Nov 27 14:24:15 UTC 2025
Changes made at Thu Nov 27 16:29:44 UTC 2025
Changes made at Fri Nov 28 08:32:52 UTC 2025
Changes made at Fri Nov 28 10:26:50 UTC 2025
Changes made at Fri Nov 28 14:23:51 UTC 2025
Changes made at Fri Nov 28 16:29:36 UTC 2025
Changes made at Sat Nov 29 08:29:51 UTC 2025
Changes made at Sat Nov 29 10:23:09 UTC 2025
Changes made at Sat Nov 29 14:20:29 UTC 2025
Changes made at Sat Nov 29 16:27:48 UTC 2025
Changes made at Sun Nov 30 08:28:11 UTC 2025
Changes made at Sun Nov 30 10:22:48 UTC 2025
Changes made at Sun Nov 30 14:20:19 UTC 2025
Changes made at Sun Nov 30 16:27:44 UTC 2025
Changes made at Mon Dec  1 08:36:28 UTC 2025
Changes made at Mon Dec  1 10:29:02 UTC 2025
Changes made at Mon Dec  1 14:26:32 UTC 2025
Changes made at Mon Dec  1 16:34:25 UTC 2025
Changes made at Tue Dec  2 08:35:13 UTC 2025
Changes made at Tue Dec  2 10:28:01 UTC 2025
Changes made at Tue Dec  2 14:27:21 UTC 2025
Changes made at Tue Dec  2 16:34:49 UTC 2025
Changes made at Wed Dec  3 08:34:13 UTC 2025
Changes made at Wed Dec  3 10:28:39 UTC 2025
Changes made at Wed Dec  3 14:26:53 UTC 2025
Changes made at Wed Dec  3 16:34:24 UTC 2025
Changes made at Thu Dec  4 08:34:32 UTC 2025
Changes made at Thu Dec  4 10:28:44 UTC 2025
Changes made at Thu Dec  4 14:26:21 UTC 2025
Changes made at Thu Dec  4 16:35:07 UTC 2025
Changes made at Fri Dec  5 08:33:05 UTC 2025
Changes made at Fri Dec  5 10:26:38 UTC 2025
Changes made at Fri Dec  5 14:25:32 UTC 2025
Changes made at Fri Dec  5 16:31:14 UTC 2025
Changes made at Sat Dec  6 08:29:34 UTC 2025
Changes made at Sat Dec  6 10:23:26 UTC 2025
Changes made at Sat Dec  6 14:20:01 UTC 2025
Changes made at Sat Dec  6 16:27:50 UTC 2025
Changes made at Sun Dec  7 08:28:56 UTC 2025
Changes made at Sun Dec  7 10:22:19 UTC 2025
Changes made at Sun Dec  7 14:20:59 UTC 2025
Changes made at Sun Dec  7 16:27:01 UTC 2025
Changes made at Mon Dec  8 08:36:17 UTC 2025
Changes made at Mon Dec  8 10:28:54 UTC 2025
Changes made at Mon Dec  8 14:26:49 UTC 2025
Changes made at Mon Dec  8 16:33:30 UTC 2025
Changes made at Tue Dec  9 08:35:17 UTC 2025
Changes made at Tue Dec  9 10:29:48 UTC 2025
Changes made at Tue Dec  9 14:27:06 UTC 2025
Changes made at Tue Dec  9 16:32:11 UTC 2025
Changes made at Wed Dec 10 08:34:28 UTC 2025
Changes made at Wed Dec 10 10:28:49 UTC 2025
Changes made at Wed Dec 10 14:27:22 UTC 2025
Changes made at Wed Dec 10 16:33:19 UTC 2025
Changes made at Thu Dec 11 08:34:58 UTC 2025
Changes made at Thu Dec 11 10:29:33 UTC 2025
Changes made at Thu Dec 11 14:26:07 UTC 2025
Changes made at Thu Dec 11 16:36:09 UTC 2025
Changes made at Fri Dec 12 08:34:59 UTC 2025
Changes made at Fri Dec 12 10:27:47 UTC 2025
Changes made at Fri Dec 12 14:22:42 UTC 2025
Changes made at Fri Dec 12 16:31:07 UTC 2025
Changes made at Sat Dec 13 08:30:04 UTC 2025
Changes made at Sat Dec 13 10:24:00 UTC 2025
Changes made at Sat Dec 13 14:21:25 UTC 2025
Changes made at Sun Dec 14 08:30:28 UTC 2025
Changes made at Sun Dec 14 10:24:10 UTC 2025
Changes made at Sun Dec 14 14:21:19 UTC 2025
Changes made at Sun Dec 14 16:28:26 UTC 2025
Changes made at Mon Dec 15 08:37:31 UTC 2025
Changes made at Mon Dec 15 10:31:36 UTC 2025
Changes made at Mon Dec 15 14:29:40 UTC 2025
Changes made at Mon Dec 15 16:36:36 UTC 2025
Changes made at Tue Dec 16 08:35:53 UTC 2025
Changes made at Tue Dec 16 10:29:51 UTC 2025
Changes made at Tue Dec 16 14:28:33 UTC 2025
Changes made at Tue Dec 16 16:34:59 UTC 2025
Changes made at Wed Dec 17 08:35:52 UTC 2025
Changes made at Wed Dec 17 10:29:07 UTC 2025
Changes made at Wed Dec 17 14:27:11 UTC 2025
Changes made at Wed Dec 17 16:34:43 UTC 2025
Changes made at Thu Dec 18 08:35:01 UTC 2025
Changes made at Thu Dec 18 10:28:21 UTC 2025
Changes made at Thu Dec 18 14:27:18 UTC 2025
Changes made at Thu Dec 18 16:35:40 UTC 2025
Changes made at Fri Dec 19 08:34:29 UTC 2025
Changes made at Fri Dec 19 10:28:07 UTC 2025
Changes made at Fri Dec 19 14:26:18 UTC 2025
Changes made at Fri Dec 19 16:31:57 UTC 2025
Changes made at Sat Dec 20 08:30:21 UTC 2025
Changes made at Sat Dec 20 10:23:47 UTC 2025
Changes made at Sat Dec 20 14:21:23 UTC 2025
Changes made at Sat Dec 20 16:28:51 UTC 2025
Changes made at Sun Dec 21 08:30:52 UTC 2025
Changes made at Sun Dec 21 10:24:31 UTC 2025
Changes made at Sun Dec 21 14:21:32 UTC 2025
Changes made at Sun Dec 21 16:28:36 UTC 2025
Changes made at Mon Dec 22 08:35:40 UTC 2025
Changes made at Mon Dec 22 10:27:36 UTC 2025
Changes made at Mon Dec 22 14:26:02 UTC 2025
Changes made at Mon Dec 22 16:31:53 UTC 2025
Changes made at Tue Dec 23 08:34:56 UTC 2025
Changes made at Tue Dec 23 10:28:31 UTC 2025
Changes made at Tue Dec 23 14:25:31 UTC 2025
Changes made at Tue Dec 23 16:33:03 UTC 2025
Changes made at Wed Dec 24 08:34:52 UTC 2025
Changes made at Wed Dec 24 10:26:40 UTC 2025
Changes made at Wed Dec 24 14:23:44 UTC 2025
Changes made at Wed Dec 24 16:30:46 UTC 2025
Changes made at Thu Dec 25 08:33:37 UTC 2025
Changes made at Thu Dec 25 10:26:32 UTC 2025
Changes made at Thu Dec 25 14:24:20 UTC 2025
Changes made at Thu Dec 25 16:30:58 UTC 2025
Changes made at Fri Dec 26 08:33:34 UTC 2025
Changes made at Fri Dec 26 10:26:26 UTC 2025
Changes made at Fri Dec 26 14:24:27 UTC 2025
Changes made at Fri Dec 26 16:29:22 UTC 2025
Changes made at Sat Dec 27 08:31:39 UTC 2025
Changes made at Sat Dec 27 10:24:33 UTC 2025
Changes made at Sat Dec 27 14:21:54 UTC 2025
Changes made at Sat Dec 27 16:29:01 UTC 2025
Changes made at Sun Dec 28 08:31:53 UTC 2025
Changes made at Sun Dec 28 10:24:58 UTC 2025
Changes made at Sun Dec 28 14:23:07 UTC 2025
Changes made at Sun Dec 28 16:30:04 UTC 2025
Changes made at Mon Dec 29 08:37:14 UTC 2025
Changes made at Mon Dec 29 10:28:26 UTC 2025
Changes made at Mon Dec 29 14:26:01 UTC 2025
Changes made at Mon Dec 29 16:31:02 UTC 2025
Changes made at Tue Dec 30 08:34:36 UTC 2025
Changes made at Tue Dec 30 10:28:26 UTC 2025
Changes made at Tue Dec 30 14:25:24 UTC 2025
Changes made at Tue Dec 30 16:32:50 UTC 2025
Changes made at Wed Dec 31 08:35:01 UTC 2025
Changes made at Wed Dec 31 10:26:50 UTC 2025
Changes made at Wed Dec 31 14:24:49 UTC 2025
Changes made at Wed Dec 31 16:31:15 UTC 2025
Changes made at Thu Jan  1 08:34:25 UTC 2026
Changes made at Thu Jan  1 10:27:31 UTC 2026
Changes made at Thu Jan  1 14:24:12 UTC 2026
Changes made at Thu Jan  1 16:31:48 UTC 2026
Changes made at Fri Jan  2 08:34:53 UTC 2026
Changes made at Fri Jan  2 10:26:41 UTC 2026
Changes made at Fri Jan  2 14:25:22 UTC 2026
Changes made at Fri Jan  2 16:30:48 UTC 2026
Changes made at Sat Jan  3 08:31:39 UTC 2026
Changes made at Sat Jan  3 10:25:08 UTC 2026
Changes made at Sat Jan  3 14:22:51 UTC 2026
Changes made at Sat Jan  3 16:29:48 UTC 2026
Changes made at Sun Jan  4 08:32:45 UTC 2026
Changes made at Sun Jan  4 10:24:28 UTC 2026
Changes made at Sun Jan  4 14:21:41 UTC 2026
Changes made at Sun Jan  4 16:29:31 UTC 2026
Changes made at Mon Jan  5 08:39:28 UTC 2026
Changes made at Mon Jan  5 10:30:13 UTC 2026
Changes made at Mon Jan  5 14:28:59 UTC 2026
Changes made at Mon Jan  5 16:32:22 UTC 2026
Changes made at Tue Jan  6 08:37:05 UTC 2026
Changes made at Tue Jan  6 10:28:57 UTC 2026
Changes made at Tue Jan  6 14:27:12 UTC 2026
Changes made at Tue Jan  6 16:34:58 UTC 2026
Changes made at Wed Jan  7 08:36:46 UTC 2026
Changes made at Wed Jan  7 10:29:15 UTC 2026
Changes made at Wed Jan  7 14:28:25 UTC 2026
Changes made at Wed Jan  7 16:35:53 UTC 2026
Changes made at Thu Jan  8 08:36:33 UTC 2026
Changes made at Thu Jan  8 10:29:35 UTC 2026
Changes made at Thu Jan  8 14:29:48 UTC 2026
Changes made at Thu Jan  8 16:36:01 UTC 2026
Changes made at Fri Jan  9 08:36:21 UTC 2026
Changes made at Fri Jan  9 10:28:22 UTC 2026
Changes made at Fri Jan  9 14:28:57 UTC 2026
Changes made at Fri Jan  9 16:34:01 UTC 2026
Changes made at Sat Jan 10 08:31:53 UTC 2026
Changes made at Sat Jan 10 10:25:22 UTC 2026
Changes made at Sat Jan 10 14:23:02 UTC 2026
Changes made at Sat Jan 10 16:29:36 UTC 2026
Changes made at Sun Jan 11 08:32:01 UTC 2026
Changes made at Sun Jan 11 10:25:48 UTC 2026
Changes made at Sun Jan 11 14:22:50 UTC 2026
Changes made at Sun Jan 11 16:29:56 UTC 2026
Changes made at Mon Jan 12 08:38:14 UTC 2026
Changes made at Mon Jan 12 10:30:25 UTC 2026
Changes made at Mon Jan 12 14:30:26 UTC 2026
Changes made at Mon Jan 12 16:32:38 UTC 2026
Changes made at Tue Jan 13 08:36:38 UTC 2026
Changes made at Tue Jan 13 10:29:17 UTC 2026
Changes made at Tue Jan 13 14:29:53 UTC 2026
Changes made at Tue Jan 13 16:37:28 UTC 2026
Changes made at Wed Jan 14 08:36:32 UTC 2026
Changes made at Wed Jan 14 10:29:56 UTC 2026
Changes made at Wed Jan 14 14:29:43 UTC 2026
Changes made at Wed Jan 14 16:36:39 UTC 2026
Changes made at Thu Jan 15 08:36:25 UTC 2026
Changes made at Thu Jan 15 10:29:39 UTC 2026
Changes made at Thu Jan 15 14:29:02 UTC 2026
Changes made at Thu Jan 15 16:39:59 UTC 2026
Changes made at Fri Jan 16 08:35:38 UTC 2026
Changes made at Fri Jan 16 10:29:45 UTC 2026
Changes made at Fri Jan 16 14:28:17 UTC 2026
Changes made at Fri Jan 16 16:35:12 UTC 2026
Changes made at Sat Jan 17 08:31:26 UTC 2026
Changes made at Sat Jan 17 10:25:13 UTC 2026
Changes made at Sat Jan 17 14:22:45 UTC 2026
Changes made at Sat Jan 17 16:28:16 UTC 2026
Changes made at Sun Jan 18 08:31:53 UTC 2026
Changes made at Sun Jan 18 10:26:04 UTC 2026
Changes made at Sun Jan 18 14:21:56 UTC 2026
Changes made at Sun Jan 18 16:29:39 UTC 2026
Changes made at Mon Jan 19 08:39:12 UTC 2026
Changes made at Mon Jan 19 10:34:27 UTC 2026
Changes made at Mon Jan 19 14:32:30 UTC 2026
Changes made at Mon Jan 19 16:35:26 UTC 2026
Changes made at Tue Jan 20 08:38:27 UTC 2026
Changes made at Tue Jan 20 10:33:29 UTC 2026
Changes made at Tue Jan 20 14:35:47 UTC 2026
Changes made at Tue Jan 20 16:40:44 UTC 2026
Changes made at Wed Jan 21 08:37:48 UTC 2026
Changes made at Wed Jan 21 10:34:21 UTC 2026
Changes made at Wed Jan 21 14:35:51 UTC 2026
Changes made at Wed Jan 21 16:58:30 UTC 2026
Changes made at Thu Jan 22 08:38:28 UTC 2026
Changes made at Thu Jan 22 10:33:14 UTC 2026
Changes made at Thu Jan 22 14:37:29 UTC 2026
Changes made at Thu Jan 22 16:40:13 UTC 2026
Changes made at Fri Jan 23 08:35:59 UTC 2026
Changes made at Fri Jan 23 10:29:59 UTC 2026
Changes made at Fri Jan 23 14:29:44 UTC 2026
Changes made at Fri Jan 23 16:36:17 UTC 2026
Changes made at Sat Jan 24 08:32:02 UTC 2026
Changes made at Sat Jan 24 10:25:57 UTC 2026
Changes made at Sat Jan 24 14:23:49 UTC 2026
Changes made at Sat Jan 24 16:30:12 UTC 2026
Changes made at Sun Jan 25 08:32:54 UTC 2026
Changes made at Sun Jan 25 10:26:41 UTC 2026
Changes made at Sun Jan 25 14:23:26 UTC 2026
Changes made at Sun Jan 25 16:30:54 UTC 2026
Changes made at Mon Jan 26 08:38:48 UTC 2026
Changes made at Mon Jan 26 10:32:12 UTC 2026
Changes made at Mon Jan 26 14:33:22 UTC 2026
Changes made at Mon Jan 26 16:39:35 UTC 2026
Changes made at Tue Jan 27 08:38:16 UTC 2026
Changes made at Tue Jan 27 10:33:37 UTC 2026
Changes made at Tue Jan 27 14:35:06 UTC 2026
Changes made at Tue Jan 27 16:35:22 UTC 2026
Changes made at Wed Jan 28 08:38:35 UTC 2026
Changes made at Wed Jan 28 10:34:04 UTC 2026
Changes made at Wed Jan 28 14:35:47 UTC 2026
Changes made at Wed Jan 28 16:43:05 UTC 2026
Changes made at Thu Jan 29 08:48:04 UTC 2026
Changes made at Thu Jan 29 10:41:12 UTC 2026
Changes made at Thu Jan 29 14:41:01 UTC 2026
Changes made at Thu Jan 29 16:49:59 UTC 2026
Changes made at Fri Jan 30 08:46:34 UTC 2026
Changes made at Fri Jan 30 10:39:24 UTC 2026
Changes made at Fri Jan 30 14:38:29 UTC 2026
Changes made at Fri Jan 30 16:45:57 UTC 2026
Changes made at Sat Jan 31 08:36:18 UTC 2026
Changes made at Sat Jan 31 10:29:20 UTC 2026
Changes made at Sat Jan 31 14:28:07 UTC 2026
Changes made at Sat Jan 31 16:34:47 UTC 2026
Changes made at Sun Feb  1 08:37:42 UTC 2026
Changes made at Sun Feb  1 10:30:50 UTC 2026
Changes made at Sun Feb  1 14:30:24 UTC 2026
Changes made at Sun Feb  1 16:35:21 UTC 2026
Changes made at Mon Feb  2 08:51:32 UTC 2026
Changes made at Mon Feb  2 10:51:05 UTC 2026
Changes made at Mon Feb  2 14:45:19 UTC 2026
Changes made at Mon Feb  2 16:47:49 UTC 2026
Changes made at Tue Feb  3 08:43:53 UTC 2026
Changes made at Tue Feb  3 10:46:13 UTC 2026
Changes made at Tue Feb  3 14:49:17 UTC 2026
Changes made at Tue Feb  3 16:58:37 UTC 2026
Changes made at Wed Feb  4 08:50:06 UTC 2026
Changes made at Wed Feb  4 10:43:21 UTC 2026
Changes made at Wed Feb  4 14:43:14 UTC 2026
Changes made at Wed Feb  4 16:55:33 UTC 2026
Changes made at Thu Feb  5 08:51:10 UTC 2026
Changes made at Thu Feb  5 10:46:55 UTC 2026
Changes made at Thu Feb  5 14:48:57 UTC 2026
Changes made at Thu Feb  5 16:55:40 UTC 2026
Changes made at Fri Feb  6 08:51:08 UTC 2026
Changes made at Fri Feb  6 10:45:14 UTC 2026
Changes made at Fri Feb  6 14:42:21 UTC 2026
Changes made at Fri Feb  6 16:52:55 UTC 2026
Changes made at Sat Feb  7 08:37:31 UTC 2026
Changes made at Sat Feb  7 10:31:00 UTC 2026
Changes made at Sat Feb  7 14:30:38 UTC 2026
Changes made at Sat Feb  7 16:36:08 UTC 2026
Changes made at Sun Feb  8 08:37:58 UTC 2026
Changes made at Sun Feb  8 10:32:32 UTC 2026
Changes made at Sun Feb  8 14:33:14 UTC 2026
Changes made at Sun Feb  8 16:36:20 UTC 2026
Changes made at Mon Feb  9 08:59:01 UTC 2026
Changes made at Mon Feb  9 10:57:36 UTC 2026
Changes made at Mon Feb  9 14:56:25 UTC 2026
Changes made at Tue Feb 10 09:00:50 UTC 2026
Changes made at Tue Feb 10 10:56:32 UTC 2026
Changes made at Tue Feb 10 15:02:58 UTC 2026
Changes made at Tue Feb 10 17:06:43 UTC 2026
Changes made at Wed Feb 11 08:55:48 UTC 2026
Changes made at Wed Feb 11 10:54:49 UTC 2026
Changes made at Wed Feb 11 14:57:54 UTC 2026
Changes made at Wed Feb 11 17:07:53 UTC 2026
Changes made at Thu Feb 12 08:53:54 UTC 2026
Changes made at Thu Feb 12 10:52:41 UTC 2026
Changes made at Thu Feb 12 14:52:11 UTC 2026
Changes made at Thu Feb 12 17:03:42 UTC 2026
Changes made at Fri Feb 13 08:50:46 UTC 2026
Changes made at Fri Feb 13 10:44:39 UTC 2026
Changes made at Fri Feb 13 14:44:33 UTC 2026
Changes made at Fri Feb 13 16:54:04 UTC 2026
Changes made at Sat Feb 14 08:38:03 UTC 2026
Changes made at Sat Feb 14 10:31:16 UTC 2026
Changes made at Sat Feb 14 14:31:36 UTC 2026
Changes made at Sat Feb 14 16:36:19 UTC 2026
Changes made at Sun Feb 15 08:38:24 UTC 2026
